phi,T (K),H2,H,O,O2,OH,H2O,HO2,H2O2,C,CH,CH2,CH2(S),CH3,CH4,CO,CO2,HCO,CH2O,CH2OH,CH3O,CH3OH,C2H,C2H2,C2H3,C2H4,C2H5,C2H6,HCCO,CH2CO,HCCOH,N,NH,NH2,NH3,NNH,NO,NO2,N2O,HNO,CN,HCN,H2CN,HCNN,HCNO,HOCN,HNCO,NCO,N2,AR,C3H7,C3H8,CH2CHO,CH3CHO
0.3,1066.2525262356726,9.029100187510492e-11,1.1367002215012176e-13,3.925853897799468e-10,0.14253945684033967,2.7478680308661593e-07,0.061099698502407845,1.4755238044119515e-09,1.4500350182043463e-10,9.657452209651986e-48,3.3847839755481133e-49,3.532774115112151e-47,2.477869691132127e-49,7.775474935633892e-44,3.435979196705077e-42,4.0684955147961285e-11,0.030549918393757963,8.371931051630934e-26,1.9557613513051748e-27,3.7500039772012546e-39,1.1157538282518865e-41,4.3697643775894204e-39,2.1300287370735886e-66,4.09549138668843e-59,1.114738674827344e-69,4.7405102362758055e-67,1.9781536251568127e-77,3.989483825151089e-77,1.6677427983650328e-51,2.233578348891909e-49,1.005870417010913e-55,9.175390415978421e-21,3.044629217578222e-22,4.1359948142269638e-22,2.906019207290654e-19,6.193052040324221e-20,5.0594619875173954e-05,1.4599302096135479e-06,3.878105676256538e-09,7.008997628786791e-14,5.111735021545553e-37,1.6186325193814024e-30,9.798928410842969e-44,3.144313860323131e-49,3.821524414225045e-36,2.651692041291969e-27,3.9265744950994886e-22,3.412545070821251e-26,0.7657585909042287,0.0,7.514921057448684e-112,1.5841507720079395e-111,2.763518581985082e-60,8.005101504807512e-60
0.4,1280.7712601574208,1.4240032019573364e-08,9.674905565614738e-11,4.32313485715625e-08,0.12083331225704215,6.547938869612272e-06,0.08064182273450543,1.852486694312217e-08,1.332692387063093e-09,2.086456190542974e-38,8.893312937451935e-40,2.249045276662842e-38,3.1542129881735057e-40,5.60474588438959e-36,4.2226517454598637e-35,1.200315674907963e-08,0.04032254879197676,5.2571018891204e-21,8.179263097279933e-23,1.17029654875726e-32,5.895207414571887e-35,4.390594713616651e-33,8.475665193072587e-54,3.27396348924553e-48,3.806777512166592e-57,1.7394517660032887e-55,3.0045589090869134e-64,1.540011823541896e-64,3.8131521367680684e-42,8.562587366891038e-41,4.477639382017404e-46,7.518156864929828e-17,3.217786373272108e-18,2.226305080575792e-18,2.0005555865353604e-16,8.226144904662015e-17,0.0002607405972037682,2.331197728282622e-06,1.7232050143919508e-08,5.589222560595153e-12,5.323847259365412e-30,6.216440455198429e-25,3.951309199214292e-36,6.647968550077377e-41,2.9742509002207875e-30,6.102008945776727e-23,1.2567822947237471e-18,1.042397369025325e-21,0.7579325898161886,0.0,3.1844266343059706e-93,1.6496701669453675e-93,4.784215358122357e-50,4.327117996261623e-50
0.5,1480.1843573182728,4.576811711568907e-07,9.358239386733233e-09,9.729561022777601e-07,0.09940836832265615,5.440898653006677e-05,0.09977137187829235,9.616424824689928e-08,5.858058656639384e-09,4.1536068690522654e-32,2.0899857769564952e-33,2.1174742647864132e-32,4.722756453839166e-34,1.2820695708296192e-30,3.10583026717426e-30,5.730982382753105e-07,0.04989897326403472,9.489125484766696e-18,1.1745128344994375e-19,3.1449212296324633e-28,2.2623100241875482e-30,5.752250619698104e-29,3.012870150187183e-45,8.865405664178862e-41,1.320905858208565e-48,1.4165718326057083e-47,3.0824274157395565e-55,6.607335305200761e-56,8.74796610423646e-36,6.220107839741459e-35,1.693099091675788e-39,3.164498244375975e-14,1.6561758763250281e-15,7.569773180564185e-16,1.785541284543824e-14,1.0562595441697196e-14,0.0007482290577677993,2.941125046399848e-06,4.534820404043712e-08,1.0496137535277625e-10,2.946380143144646e-25,3.962256892249542e-21,5.916445774891809e-31,2.9259917767013605e-35,2.945211759900599e-26,5.646220209254027e-20,3.129460503957076e-16,1.129146301361714e-18,0.7501135467963864,0.0,1.7697470891711226e-80,3.749706415053988e-81,4.6284544397318225e-43,2.009820432612273e-43
0.6000000000000001,1665.9477483103938,5.921715790376692e-06,2.5885890351338087e-07,8.64723465656611e-06,0.07822872792048338,0.0002441787949948158,0.11844027164867411,2.9359994162350813e-07,1.651434905933158e-08,1.516202963832296e-27,8.900414193564344e-29,4.842968662591582e-28,1.5061678051529315e-29,1.1095221826370734e-26,1.2508540632081129e-26,9.707609728776424e-06,0.0592745803562361,2.2550727013641828e-15,2.46949978273135e-17,5.598227750662943e-25,5.217631396704873e-27,6.370436379952819e-26,5.2748069713570634e-39,2.5529444015234533e-35,2.449318968193242e-42,9.700220856761462e-42,1.3461427930427654e-48,1.6127514154372816e-49,3.9203615828280655e-31,1.276644227171107e-30,1.138417525389417e-34,2.4079006888925124e-12,1.5024617905737768e-13,5.294356578381563e-14,4.979544286353049e-13,3.5460016506326153e-13,0.0015121546232028985,3.1510025682556976e-06,8.689111764144379e-08,8.503132234528908e-10,8.213005165426293e-22,2.453996908934154e-18,3.650127548794185e-27,3.7800762009771797e-31,2.393411745817627e-23,8.333021635838224e-18,1.8139746743164453e-14,1.8059932676292566e-16,0.7422720023755552,0.0,4.4629819834814306e-71,5.202433471340949e-72,6.295301839957214e-38,1.6868661784324502e-38
0.7,1838.6195726847366,4.368477904643141e-05,3.252726377113709e-06,4.165265300657696e-05,0.05735429433304873,0.0007317355165823672,0.13653782371685003,6.186932976734952e-07,3.4213860372948335e-08,4.541590088262981e-24,3.1158735043475374e-25,1.1062840234961362e-24,4.413335705694016e-26,1.2808978659500455e-23,8.568042921334709e-24,8.682504605003398e-05,0.06838784904764049,1.5196880087899426e-13,1.588063959719435e-15,1.8564730678675972e-22,2.1076316711789153e-24,1.547781262488408e-23,3.4506504931586644e-34,4.51516690999467e-31,1.8175316119573395e-37,3.5734788160885282e-37,2.0696504329311935e-43,1.679223036260768e-44,1.5420341903225091e-27,2.9297877916603735e-27,6.373042196985683e-31,6.17375773841617e-11,4.5630454359781846e-12,1.3797184672744275e-12,6.80601838749955e-12,5.117962163773887e-12,0.002394256717966396,2.914372892367506e-06,1.330069048255027e-07,3.9877279282558114e-09,3.5743364458226453e-19,3.627220711390083e-16,3.1426666243692005e-24,5.440011360400438e-28,4.074881293129908e-21,3.9359172981665333e-16,4.27406039210112e-13,8.722608536201176e-15,0.7344149211085539,0.0,1.0105840098527255e-63,7.88605166140853e-65,6.201108616602148e-34,1.2120284218725256e-34
0.8,1996.8870240525284,0.00022513622185385389,2.3904965224191505e-05,0.00012572874903447821,0.03709301229031153,0.001619855810572059,0.15385881545685406,9.488904509312857e-07,5.482202464846044e-08,2.540177100204657e-21,2.076124824779168e-22,5.610132112714038e-22,2.707934827014565e-23,4.087698920821319e-21,1.9543490876137565e-21,0.0005141607280218291,0.076939023134775,4.463660374841901e-12,4.772480754912858e-14,2.06890954529607e-20,2.7393168910912193e-22,1.4413536440680787e-21,2.6557439937908464e-30,1.353156533912066e-27,1.723410925779964e-33,2.1039567543732098e-33,3.845326358647135e-39,2.4571146353147885e-40,1.2493218263904984e-24,1.667858957035088e-24,7.194934617927041e-28,7.386475872323291e-10,6.556172842283531e-11,1.8658375695448858e-11,5.949447648422372e-11,4.1615650715025207e-11,0.0030765947275672254,2.252937228495513e-06,1.672422842944159e-07,1.2491003043021943e-08,4.5605080175708346e-17,2.1495685080385962e-14,7.5823711133958825e-22,1.8395667954948204e-25,2.4418407354513817e-19,8.812969081463718e-15,5.6387019568048495e-12,1.8832999560171132e-13,0.7265203305984479,0.0,1.1808045092026277e-57,7.194523483696051e-59,1.1380056059627669e-30,1.8543084261677936e-31
0.9000000000000001,2134.237920745081,0.0009339030982625156,0.00011742654066421,0.00023879007820965353,0.018473961225448567,0.002687186233079364,0.1699745166868758,9.949029617805324e-07,6.557153913735373e-08,4.1583141891261134e-19,4.275343452963778e-20,1.0375899626174219e-19,5.775874855587743e-21,5.912788101403165e-19,2.4403214469080316e-19,0.0023276077549246434,0.08382804405039017,7.38902321387297e-11,8.88599448461319e-13,1.1327046208178314e-18,1.6862180930756144e-20,7.627499012893245e-20,4.9296743126642845e-27,1.370563093093687e-24,4.5549196646841945e-30,4.306328396039281e-30,2.051841129463177e-35,1.2130295638318993e-36,3.572954912111694e-22,4.0520645420089347e-22,2.9221682778464824e-25,4.7238567498702e-09,5.297875532470199e-10,1.5909792112936436e-10,4.0436237154677434e-10,2.194904760440725e-10,0.0030770205362390494,1.2819087478653109e-06,1.6492314353678444e-07,2.693729961870346e-08,2.4671593138217196e-15,7.246531080781202e-13,8.061030081001187e-20,2.2799477505751703e-23,6.903303971065496e-18,1.1904102680822528e-13,5.1383561323694904e-11,2.2471386454186324e-12,0.7183390033863631,0.0,2.4631076692756934e-52,1.3798522772639637e-53,7.324238502693875e-28,1.1522657547061682e-28
1.0,2225.5245834770026,0.0036045255136113305,0.000390346872835523,0.00021565877694276842,0.004622237223344224,0.002875407485003845,0.18346659345859426,4.989233204152956e-07,4.5732488554721274e-08,2.2178095205044438e-17,3.3615347128353755e-18,9.827346325814409e-18,5.956344723566881e-19,6.223564337279208e-17,3.0329723111245845e-17,0.008987939083208718,0.08536421734727699,7.949764317919283e-10,1.3194993200134233e-11,4.114098610317806e-17,6.575072172306045e-19,3.4929105993442525e-18,3.6711267188485465e-24,9.146744099234752e-22,6.921522960091316e-27,7.230036522502505e-27,7.843631895971695e-32,5.6971615174061886e-33,5.3664644672276076e-20,7.105979894493179e-20,6.968485967084704e-23,1.4245388908932858e-08,2.3597344147135147e-09,9.409151776239408e-10,2.6865077324572807e-09,7.555846436249077e-10,0.001888205758403629,3.4628216609830836e-07,1.0018737257296679e-07,3.3663500002551206e-08,6.774012806443836e-14,1.9306510359779688e-11,5.4774426534952945e-18,1.3166521853208056e-21,1.0202088043443738e-16,1.131155669407133e-12,3.8646220948171794e-10,1.543840176572004e-11,0.7085838214732226,0.0,3.540964399458419e-47,2.4283769432304952e-48,2.9528689969545367e-25,5.854759655790016e-26
1.1,2210.3832621978363,0.012388446311024356,0.000665171894581578,5.3726569381576576e-05,0.00034666419336036065,0.001440114959158733,0.18954026388550044,6.914748761171122e-08,1.2418588815813619e-08,1.7286034525653577e-16,5.085821059982241e-17,2.981164433985007e-16,1.7824218731475738e-17,3.8342131173725164e-15,3.757779871906347e-15,0.026146539681878946,0.07534417544481695,4.053975997983502e-09,1.319938728974031e-10,7.366413141745072e-16,1.1639065495958993e-17,1.2447441412733938e-16,5.709365513181622e-22,2.9903351326532284e-19,4.097153962926927e-24,8.699838392230818e-24,1.7088529110159047e-28,2.4805693481923027e-29,2.643613042823949e-18,7.053159443817147e-18,6.584125653380588e-21,1.1796738703145911e-08,3.79217897182908e-09,2.9847002171848893e-09,1.7277700057241608e-08,1.2505489521681989e-09,0.0004945833248063787,2.5352358319104055e-08,2.5974150494415242e-08,1.625121754382894e-08,5.803351477908092e-13,3.4329241300622704e-10,1.7316701751305883e-16,2.044031438451856e-20,4.886226863707871e-16,5.815042771514101e-12,2.062427578111083e-09,4.046888912380429e-11,0.6935801208512571,0.0,2.7128636482641586e-42,3.720285714696288e-43,5.298415938399672e-23,2.0909512572786119e-23
1.2,2136.521896470917,0.02683785274764466,0.0006381727391067957,9.487628927537468e-06,2.8279488610907968e-05,0.000564861248700594,0.18823722351684707,8.168463373999906e-09,2.860139977549394e-09,2.170566170701979e-16,1.1874040469079772e-16,1.5252593952722658e-15,8.509392268807577e-17,4.5907119774322954e-14,1.0022661894617409e-13,0.0452010880701488,0.06263725036408048,7.762508609159747e-09,4.958421011067817e-10,3.4076650241549404e-15,5.0822098150527234e-17,1.2159648380934767e-15,6.831824326041654e-21,9.975941279381807e-18,1.784142741341719e-22,8.907580117513782e-22,2.2839558309272074e-26,7.150234464159532e-27,1.892014654604402e-17,1.1347541284601718e-16,8.24907962023516e-20,4.716132055449873e-09,2.8144109273229803e-09,4.48473845044329e-09,6.021957873403095e-08,1.1235255075907664e-09,0.00011740828857014994,1.9073561957779258e-09,6.102765126615171e-09,5.514976747561285e-09,1.2278268961026808e-12,1.898040308876766e-09,1.1395715822859962e-15,5.910881951928883e-20,7.0934313444876e-16,1.2092116095738633e-11,5.187755952207438e-09,4.2971627396143985e-11,0.6757282625946828,0.0,3.934385330842927e-39,1.1670504949042011e-39,1.1040482843380014e-21,9.203886767800452e-22
1.3,2057.3003096230777,0.04405609503687292,0.0004996104030018641,1.8741255953450746e-06,3.34010640464536e-06,0.00022958076386176942,0.18316195347762484,1.2133726808462406e-09,7.527002141558538e-10,1.3896684266730016e-16,1.2751994327419251e-16,3.318272108952975e-15,1.7093403930256089e-16,2.1848573903600924e-13,9.870270948151673e-13,0.060888105460107304,0.052903307677416335,9.656750941341064e-09,1.1012764904464242e-09,7.89638792518967e-15,1.1026513497901665e-16,5.475715917495114e-15,2.376542238583525e-20,9.286012662621768e-17,1.852572995801814e-21,2.0345437032600833e-20,5.821457858101586e-25,3.6292102282636813e-25,5.298808418840422e-17,6.638046576586126e-16,3.619398996939793e-19,1.6434405600624758e-09,1.6413599659764412e-09,4.8401386186786615e-09,1.4069566000814077e-07,8.183125175818572e-10,3.266554942073556e-05,2.0569451800390564e-10,1.6829356829389578e-09,1.903260492346155e-09,1.43666242586913e-12,5.5168375467865665e-09,3.323061534726728e-15,8.15961446454342e-20,6.433078612375257e-16,1.658017397663037e-11,8.862491731452873e-09,3.31064821991053e-11,0.6582232868131113,0.0,5.198822882943775e-37,3.081550691223977e-37,7.142690584717511e-21,1.1577963906306012e-20
1.4000000000000001,1979.7788871457449,0.06275121524302499,0.00035464815725796576,3.9612846212892976e-07,4.802788257504939e-07,9.545173599085194e-05,0.1758760697117103,2.042168395354245e-10,2.129301368680156e-10,6.543299008427732e-17,9.525388388100289e-17,4.796069981371626e-15,2.2711126922496435e-16,6.635255453264001e-13,5.945645701887141e-12,0.0736172820798032,0.04580906227191665,9.86415871713553e-09,1.907169969702928e-09,1.3139253006611276e-14,1.712793406460134e-16,1.6893116651319506e-14,4.6330207819105505e-20,4.703838446949912e-16,9.674290845887882e-21,2.24549982424678e-19,6.628588331109947e-24,7.863032354621494e-24,9.619419106199399e-17,2.4114920516370876e-15,9.71062080722818e-19,5.406500821959845e-10,8.541214561430891e-10,4.4330261080380605e-09,2.676891094979693e-07,5.390912839758971e-10,9.919143359453577e-06,2.6907034426144453e-11,5.073689876940058e-10,6.67392975228388e-10,1.2797822641137354e-12,1.1808170400290816e-08,6.557592728235778e-15,7.967223467431534e-20,4.716561052796456e-16,1.8794207840914246e-11,1.267913893918208e-08,2.223465556471736e-11,0.6414851632672331,0.0,2.144886642485771e-35,2.4281504920428546e-35,2.6518681341012396e-20,7.975954969616363e-20
1.5000000000000002,1904.795087010183,0.08210548556321032,0.00023590398455304804,8.578677615932991e-08,7.633228914654681e-08,3.982836443857393e-05,0.16730525047183173,3.638488320366801e-11,6.206990371893551e-11,2.54562116477344e-17,5.707208916419842e-17,5.4426374394588715e-15,2.3603702460365245e-16,1.556256483774292e-12,2.716809177936937e-11,0.08416528162317626,0.04060932359046982,8.994530727419757e-09,2.8723801202303637e-09,1.804999140869524e-14,2.1913039977690814e-16,4.208445706281817e-14,6.465337234586816e-20,1.6931393374296498e-15,3.417815749797912e-20,1.6497520900603488e-18,4.785152421761106e-23,1.0578163436598634e-22,1.3673865433793712e-16,6.7332915695275724e-15,1.9766797714721085e-18,1.6946862915870477e-10,4.1086478587134583e-10,3.6610464065112915e-09,4.513510336253338e-07,3.3212789378118794e-10,3.1379733305600716e-06,3.879053004656856e-12,1.596330096517663e-10,2.3361718634342676e-10,9.69807981933714e-13,2.127507641122938e-08,1.0322223160307041e-14,6.331270332796916e-20,3.0477234228649854e-16,1.9129503072407514e-11,1.6468393906248606e-08,1.3781972836333454e-11,0.6255351202167267,0.0,4.599058530690441e-34,9.741015749025839e-34,7.204291447425877e-20,3.9333596590348274e-19
1.6,1832.339206989079,0.10159657238206554,0.00014910390222800407,1.8506800570885066e-08,1.2693873294061593e-08,1.646314695106418e-05,0.15803836731289556,6.591173434582426e-12,1.8178084577306618e-11,8.586620879937791e-18,2.9213286456134455e-17,5.2437881256126636e-15,2.0747597214139456e-16,3.0952164074245403e-12,1.0498058512132198e-10,0.09312607511928549,0.03673326780861274,7.599565689708248e-09,3.964349719455517e-09,2.1880390214643688e-14,2.46774599516485e-16,9.186391604836113e-14,7.23448420134206e-20,4.9269553084273955e-15,9.428035066097943e-20,9.455452533771794e-18,2.6036659664843953e-22,1.0665620153265972e-21,1.6606657441851734e-16,1.600867009729353e-14,3.380899531903445e-18,5.054421233955648e-11,1.8517884612012184e-10,2.8050745857574424e-09,7.045754117758508e-07,1.9402019043287306e-10,1.0059930941628867e-06,5.833845459537299e-13,5.0988154042861265e-11,8.056282554347377e-11,6.565494807549018e-13,3.4415078214987404e-08,1.4021160998869511e-14,4.3631665105518935e-20,1.8010338763201352e-16,1.8151223338614845e-11,2.016793063556627e-08,8.063779061772743e-12,0.6103383388850339,0.0,6.596695720628713e-33,2.5999643359333046e-32,1.6094768603142723e-19,1.5843464742395753e-18
1.7000000000000002,1762.2657368982434,0.12090768874877515,9.015024621765588e-05,3.900870143809183e-09,2.1332936557071782e-09,6.67906436571197e-06,0.14844312588011596,1.1823124805984635e-12,5.259326204948289e-12,2.5687677563506046e-18,1.3190501060241234e-17,4.4737927319816154e-15,1.608273312134279e-16,5.501441535744102e-12,3.6522315294411724e-10,0.10090866914069582,0.03379166630458334,6.0641564258976154e-09,5.159944914959134e-09,2.4271821308995347e-14,2.536259000114393e-16,1.8403080240764857e-13,6.896669763132316e-20,1.2452376122122954e-14,2.198942247102986e-19,4.6259152557273376e-17,1.1776662450237815e-21,8.97868134535797e-21,1.8048196613854714e-16,3.4294184221961555e-14,5.136211753024225e-18,1.4290138242916266e-11,7.8636916447835e-11,2.024761196559589e-09,1.0447396746416572e-06,1.0816640890562377e-10,3.209572848402353e-07,8.837651274551274e-14,1.6237861257430374e-11,2.7102405230303514e-11,4.070684748276785e-13,5.1799579037304934e-08,1.7161547884807014e-14,2.6953647990685828e-20,9.910536985742814e-17,1.6371613248852926e-11,2.3765241832499942e-08,4.4979323312143754e-12,0.5958505594271973,0.0,7.304454587061221e-32,5.381979443434401e-31,3.153525947477051e-19,5.614759251907118e-18
1.8,1694.4224330532277,0.13985423246245712,5.230744221913373e-05,7.918259469345171e-10,3.536436660387453e-10,2.640423182072048e-06,0.13874653643478005,2.0604439485684484e-13,1.4847991851797764e-12,6.890306680454802e-19,5.345450132024852e-18,3.463903966466498e-15,1.1263436727843244e-16,9.02415721193763e-12,1.1900927079813317e-09,0.10779013999128015,0.0315250211229096,4.6182498712395156e-09,6.443727462940947e-09,2.51766482601023e-14,2.4301859334481556e-16,3.4818663648356293e-13,5.802482834679559e-20,2.8557327631289324e-14,4.551502319278657e-19,2.0431958276922885e-16,4.7052408966399145e-21,6.754562461570172e-20,1.8030748881465758e-16,6.85038109455767e-14,7.163595218571483e-18,3.812770496358244e-12,3.1523128550706564e-11,1.3889626057355599e-09,1.4956482122337272e-06,5.771834202574097e-11,1.0059443018893655e-07,1.3158911760895511e-14,5.089828549841081e-12,8.825072843008556e-12,2.3428957842302384e-13,7.413667116792712e-08,1.942439107007306e-14,1.5205897374705402e-20,5.125311804469398e-17,1.4191566990669905e-11,2.7270633457260984e-08,2.402216455922802e-12,0.5820274095517028,0.0,6.825904016744069e-31,9.514210759188837e-30,5.634020667161839e-19,1.8331005744126216e-17
1.9000000000000001,1628.6722391917074,0.1583331227231953,2.9161707293620703e-05,1.5297927975973714e-10,5.6777730533245806e-11,1.0109804462925283e-06,0.12908814229468388,3.436761641164502e-14,4.049990058822284e-13,1.6647940665892912e-19,1.9624472108931432e-18,2.470667389680065e-15,7.231627440959753e-17,1.3951036218674344e-11,3.730951157020107e-09,0.11396053168425742,0.02975910577300838,3.3766535543602942e-09,7.806041409509375e-09,2.4752271631854837e-14,2.1997789402466129e-16,6.340975808893688e-13,4.4029152413799346e-20,6.115315879098251e-14,8.627986734615916e-19,8.45909278976002e-16,1.7290099481807275e-20,4.754559848650312e-19,1.683446976912869e-16,1.3048259919138428e-13,9.367702917055765e-18,9.553357823473416e-13,1.1926415758578037e-11,9.100514311316758e-10,2.090049450034904e-06,2.950599862457244e-11,3.066068988562481e-08,1.8901222053760926e-15,1.554668743085274e-12,2.7626041403544936e-12,1.2611301570557012e-13,1.0233215786191493e-07,2.066838068207087e-14,7.918511777618142e-21,2.502556265606329e-17,1.1899719648199669e-11,3.0704924344548517e-08,1.2302053480265286e-12,0.5688266549812101,0.0,5.7135602424548995e-30,1.53308214896754e-28,9.411579409325216e-19,5.684797477759155e-17
2.0,1564.8936375986677,0.17629079476281484,1.5620455411100794e-05,2.7840992563905824e-11,8.696782115129718e-12,3.728289708208544e-07,0.11955331076920296,5.416984010375935e-15,1.0581052810765561e-13,3.6259331129109434e-20,6.5563110710114735e-19,1.6384742854129557e-15,4.294322507657351e-17,2.0622814557612456e-11,1.1473196323017848e-08,0.11955334881617212,0.028374722283732324,2.3780429179896487e-09,9.241539192670617e-09,2.326779948407931e-14,1.8970123531395597e-16,1.1264231648708129e-12,3.054674729942941e-20,1.2473905734662691e-13,1.5305481193925094e-18,3.371909582417773e-15,6.012269509378962e-20,3.237196113005682e-18,1.484486934252038e-16,2.4070031932745346e-13,1.1648336368802219e-17,2.2359785466395918e-13,4.25174085535668e-12,5.710247788436184e-10,2.8731769563734083e-06,1.4444826079306437e-11,9.010695772073012e-09,2.579009373308333e-16,4.588431955192702e-13,8.261643407034255e-13,6.373334152904988e-14,1.375626508186501e-07,2.0900746873349302e-14,3.829431427764892e-21,1.1557854710317626e-17,9.689309430480103e-12,3.4094111264782056e-08,6.039928322533295e-13,0.5562087524861025,0.0,4.469019038060855e-29,2.3602550966578322e-27,1.4954428676856532e-18,1.711404519953193e-16
2.1,1502.9777287004554,0.19370356785773307,8.031249720018115e-06,4.726829506184871e-12,1.2541555590911803e-12,1.31712876667488e-07,0.11019371608669075,7.974656369294424e-16,2.626455833952397e-14,7.105742389339838e-21,1.9959344898376199e-19,1.0159608267439505e-15,2.370747233147541e-17,2.945343657068297e-11,3.512565427457825e-08,0.12466514929349956,0.027288293787849905,1.6157193811433611e-09,1.0748168602048849e-08,2.1033689007216536e-14,1.5669420696511757e-16,1.971113878293775e-12,1.9546479868689417e-20,2.4592897812913536e-13,2.5804711120746842e-18,1.3206364879589216e-14,2.0208017520380625e-19,2.186938117841129e-17,1.2448989869236217e-16,4.3495102988618013e-13,1.3908813027225087e-17,4.86003439737845e-14,1.4243987007526975e-12,3.434978833479144e-10,3.907902836556072e-06,6.7629278539986425e-12,2.533573915999091e-09,3.297408697432045e-17,1.298563595805543e-13,2.345614913649539e-13,3.0286329008037724e-14,1.8137413967156657e-07,2.0236179144074792e-14,1.7250117008088364e-21,5.048924148127796e-18,7.678467477741669e-12,3.746729120957677e-08,2.8393730926372256e-13,0.5441369328459856,0.0,3.3722769422451114e-28,3.5995817159399056e-26,2.288019199937684e-18,5.083982688171574e-16
2.2,1442.825723814094,0.21056555197509993,3.956757702136888e-06,7.414964134842809e-13,1.6817118926145507e-13,4.4330962923261204e-08,0.10104006698593986,1.0841406603558304e-16,6.144487327191952e-15,1.2481476180265456e-21,5.531543769997092e-20,5.90864329521238e-16,1.2199775776898278e-17,4.095817921378635e-11,1.0836280922485101e-07,0.12936808849365236,0.026439468647040033,1.0595222277314124e-09,1.2326510852226887e-08,1.835369227072037e-14,1.2438929731830257e-16,3.423632116933048e-12,1.1598501841118283e-20,4.739619328729058e-13,4.18331735965991e-18,5.1656682675140524e-14,6.675761383135952e-19,1.4966474646174369e-16,9.972991925797898e-17,7.767617641050071e-13,1.6061973164910148e-17,9.747033810092505e-15,4.468266273879446e-13,1.9807806540078689e-10,5.282367023312779e-06,3.021734452821093e-12,6.764924950640007e-10,3.899838475378637e-18,3.4982215625626523e-14,6.282075596032799e-14,1.3532306529692327e-14,2.3582255591842372e-07,1.885520377395392e-14,7.244576066002005e-22,2.083406761104661e-18,5.92905531516923e-12,4.085615025890355e-08,1.2753899324293854e-13,0.5325771410841742,0.0,2.518106353012883e-27,5.600761438469535e-25,3.401763975886211e-18,1.5098568156817056e-15
2.3,1384.3473315024744,0.22688093204569496,1.8635623146120162e-06,1.064123390296742e-13,2.0711702263209967e-14,1.41326466560746e-08,0.09211026968170158,1.3454546753937806e-17,1.3435728686873715e-15,1.9544251090219497e-22,1.3918164775388372e-20,3.2274845861770295e-16,5.856589107050617e-18,5.579381189547721e-11,3.4037331618332046e-07,0.13371811401600356,0.025783028893509585,6.702888535896234e-10,1.3979360839870056e-08,1.5495205224967447e-14,9.507970793591617e-17,5.938869928254588e-12,6.4021733399689874e-21,9.011617860099001e-13,6.580849811034381e-18,2.0460930903885216e-13,2.197745364363992e-18,1.0562840959646583e-15,7.654187513427781e-17,1.3809223091187002e-12,1.803441456440315e-17,1.7908633072819934e-15,1.306641830554474e-13,1.0938521151322636e-10,7.121421563534924e-06,1.2848693991165628e-12,1.7024468987532127e-10,4.212232962453817e-19,8.904487703301126e-15,1.5763248942413276e-14,5.6779122541402075e-15,3.036804535671298e-07,1.6967665116333595e-14,2.834767452736067e-22,8.101641134482177e-19,4.462635916591728e-12,4.4295328929696096e-08,5.458723853821456e-14,0.5214979528978358,0.0,1.9009038686014262e-26,9.120214511693429e-24,4.949935346360489e-18,4.5323890027660245e-15
2.4,1327.4603433315524,0.24265851638980393,8.366097765371401e-07,1.3824627324137457e-14,2.3134137399087867e-15,4.240865638365455e-09,0.08341504054533744,1.505913487193543e-18,2.721705222241462e-16,2.7094337512060106e-23,3.1662488081645633e-21,1.655847959016167e-16,2.6212535957772257e-18,7.481710639020452e-11,1.0988142091921917e-06,0.13776047481155856,0.02528338127479526,4.0863213931113943e-10,1.571144981608061e-08,1.2673730029034344e-14,7.003638212667565e-17,1.0342536805527087e-11,3.2923166408269967e-21,1.7038525143084183e-12,1.0121597524939863e-17,8.309615462030725e-13,7.297888704997135e-18,7.813946785277984e-15,5.637791002732243e-17,2.459277935430844e-12,1.9769351526141748e-17,2.9906181378133133e-16,3.543193173308032e-14,5.7746337953471375e-11,9.603996444669955e-06,5.181409476894199e-13,4.006383158160239e-11,4.1005058417201355e-20,2.1252478622688093e-15,3.678553601159153e-15,2.2321690724291977e-15,3.8874717836666147e-07,1.4783742894077588e-14,1.0315659191014096e-22,2.9592084394406357e-19,3.273412288899601e-12,4.7823108476158624e-08,2.2187005009563308e-14,0.5108705904349529,0.0,1.4785619994481349e-25,1.5907533325168576e-22,7.09033184579508e-18,1.3887561763179761e-14
2.5,1272.0934681696917,0.2579065499888396,3.5676016808552174e-07,1.6077536894949078e-15,2.3126639074661185e-16,1.1897235582893473e-09,0.07496252107118442,1.5006326721759933e-19,5.058968769365027e-17,3.2986155224559894e-24,6.477647812875952e-22,7.97141197181985e-17,1.0920109943412653e-18,9.917047357257951e-11,3.6780381269318957e-06,0.14153338050275804,0.02491056688752974,2.3965685176707953e-10,1.75291442057203e-08,1.004769740231378e-14,4.971427603225087e-17,1.8165106395082902e-11,1.577913634572406e-21,3.226636575247201e-12,1.531932799950692e-17,3.500667141122557e-12,2.4713889654535944e-17,6.152466176027303e-14,3.988976883346285e-17,4.4123273900971005e-12,2.1228292474437293e-17,4.499689412249875e-17,8.855993413610339e-15,2.9072761006370984e-11,1.2989592355192248e-05,1.9736925653325324e-13,8.74362536395962e-12,3.54818160936939e-21,4.717643486895209e-16,7.919752922050491e-16,8.197743460012477e-16,4.96318082364888e-07,1.2493206637886663e-14,3.4812424631562287e-23,1.0111749719331742e-19,2.338390690610589e-12,5.148210363333897e-08,8.530323382031787e-15,0.5006693902313506,0.0,1.2060687394472139e-24,3.0380469657785956e-21,1.0047202122760365e-17,4.382932195835089e-14
2.6,1218.2017390579708,0.2726236974881127,1.439799494052398e-07,1.6547383029309837e-16,2.041604445056544e-17,3.098416318602027e-10,0.06676417240298883,1.3138745710151511e-20,8.542774247502266e-18,3.496856068179463e-25,1.1848303597671576e-22,3.5953905640747164e-17,4.2250392561004222e-19,1.3040050672773143e-10,1.2870607918856102e-05,0.14506951946976415,0.02463716812592467,1.3494691289165659e-10,1.9439554612357424e-08,7.720727898927546e-15,3.3985766657489635e-17,3.230335103992927e-11,7.04662705756674e-22,6.160868721832899e-12,2.294872446816846e-17,1.54658099660786e-11,8.621714293601046e-17,5.230763597196133e-13,2.7124716399256543e-17,8.016869218982216e-12,2.2391374711942813e-17,6.045648241773319e-18,2.0273607672426327e-15,1.3919844417556452e-11,1.7657806334087106e-05,7.071299677474955e-14,1.7548062770226324e-12,2.6910831776677464e-22,9.660184699272698e-17,1.5600740329158506e-16,2.803304957711714e-16,6.33869983794625e-07,1.0252802417156976e-14,1.0859897364130414e-23,3.218164419144988e-20,1.6252428748463626e-12,5.531896789844279e-08,3.0895818293461152e-15,0.4908740608353039,0.0,1.0487671031883193e-23,6.486048921596253e-20,1.414454870096236e-17,1.4367169427227224e-13
2.7,1165.8345861307366,0.28677178335113823,5.48555702469399e-08,1.4949589061633413e-17,1.5757828279712355e-18,7.451690906317057e-11,0.058848794496903015,1.0007900309675806e-21,1.3005022981446026e-18,3.210671102839321e-26,1.9306676772565957e-23,1.51833113447922e-17,1.516431293617281e-19,1.7056855261310545e-10,4.736257422429312e-05,0.14839177821468097,0.024435979118043696,7.285416486448691e-11,2.1446575212711358e-08,5.749572840682952e-15,2.236464436333833e-17,5.831379790405501e-11,2.9343777970269895e-22,1.192481846185488e-11,3.4187479414791566e-17,7.224630371646148e-11,3.122248717386661e-16,4.8527503869086964e-12,1.774057439264062e-17,1.4809820041288647e-11,2.3255097213928208e-17,7.209607399407303e-19,4.23246975702e-16,6.325849042506993e-12,2.4158700385480357e-05,2.3759842155044576e-14,3.2187865751253784e-13,1.770491667769047e-23,1.8138394244647126e-17,2.794613469118697e-17,8.910115566102492e-17,8.118414224057643e-07,8.181787807797328e-15,3.1262807664923222e-24,9.511252964444957e-21,1.098309952688941e-12,5.9377957600336196e-08,1.0512646514148293e-15,0.48147919553473384,0.0,9.843019404043852e-23,1.5717991852870604e-18,1.9848948875858976e-17,4.921313304479414e-13
2.8,1115.4234989796596,0.3001735717341543,1.984016707556026e-08,1.1998681076275507e-18,1.075674747172765e-19,1.665991103814432e-11,0.051310552660120294,6.709521369259828e-23,1.799030731001913e-19,2.591011277776995e-27,2.8352690790292635e-24,6.041939049302875e-18,5.085866154410327e-20,2.2199691575144467e-10,0.00018229003174261802,0.15148640189827248,0.024279735117663112,3.784845229543161e-11,2.353276603582221e-08,4.15808129163161e-15,1.4205427027949715e-17,1.0655882953960192e-10,1.1484888232204115e-22,2.3388145029096858e-11,5.070161350740919e-17,3.550012373711201e-10,1.1693728651881252e-15,4.869560739544987e-11,1.1206581771269058e-17,2.777522445563913e-11,2.382227979580421e-17,7.72176515141925e-20,8.12880550645598e-17,2.740929031665083e-12,3.3216215854794076e-05,7.533209955679335e-15,5.439739443752996e-14,1.0230520579791073e-24,3.1480525424912076e-18,4.5899272460316475e-18,2.6528974290504553e-17,1.0430024090114228e-06,6.367582978257545e-15,8.376588275529302e-25,2.629036414156847e-21,7.234431002668322e-13,6.366427141365431e-08,3.381426203183619e-16,0.47253308145936274,0.0,9.89911241344536e-22,4.2705832095821223e-17,2.776691858714532e-17,1.753191268909135e-12
2.9,1068.7917635955898,0.31217347964643727,7.094665161263509e-09,9.450930847210332e-20,7.21350056417721e-21,3.672415561954887e-12,0.04446320557960559,4.4011845746018715e-24,2.4426676089821182e-20,2.033399682106267e-28,4.0543150821076474e-25,2.352804871457038e-18,1.6665522152160982e-20,2.8481405261398454e-10,0.0006962329761342484,0.154201794345259,0.0241494777164357,1.9421679605073912e-11,2.5589386196791815e-08,2.9588683464312396e-15,8.869423440750774e-18,1.9247433968904728e-10,4.393657445943664e-23,4.533783723268477e-11,7.3836583436552e-17,1.7256963425084866e-09,4.306553449553651e-15,4.831979022245498e-10,6.969965621890607e-18,5.1627037790652086e-11,2.4070698586943125e-17,8.118185119529013e-21,1.5338133659530332e-17,1.1707729272163668e-12,4.532349708691512e-05,2.3590095378210567e-15,9.082151159197908e-15,5.80486971640882e-26,5.408804632305114e-19,7.419941587109526e-19,7.770980653926465e-18,1.331940356380537e-06,4.88627204414273e-15,2.203230036977035e-25,7.153108728768558e-22,4.722218855756207e-13,6.799053779239484e-08,1.0755119820487909e-16,0.4642690508100044,0.0,9.76212982984184e-21,1.1443177242828931e-15,3.824872423493565e-17,6.181973424083695e-12
3.0,1030.4202836861427,0.3212571815967456,2.8326288174798173e-09,9.87007899109713e-21,6.548776861067598e-22,9.553395708482781e-13,0.03900342452710044,3.904205271747989e-25,4.129618843433568e-21,2.093726014101114e-29,7.097650956496876e-26,1.0018005597429095e-18,6.084560607048763e-21,3.4964204727178306e-10,0.002251840012051687,0.15611431767945347,0.024059075438718127,1.0649355122932205e-11,2.7303715402866448e-08,2.1573720931749638e-15,5.756509239349634e-18,3.206401726291171e-10,1.8362293880704283e-23,8.016356848987814e-11,1.0082882613172531e-16,6.87395080543584e-09,1.3352452376892153e-14,3.611285058801865e-09,4.507371784757249e-18,8.82621857556797e-11,2.3923761431571418e-17,1.0927378223663246e-21,3.4625206732972898e-18,5.452779871642071e-13,5.919466479698228e-05,8.364918058197e-16,1.8514750365309727e-15,4.543723524532925e-27,1.1324355849029346e-19,1.4650432409751707e-19,2.5852651650489204e-18,1.6402353293276157e-06,3.810387228369608e-15,6.648056076940919e-26,2.232214407552956e-22,3.2102114045431214e-13,7.170137575505135e-08,3.8686147426513955e-17,0.45725321265305285,0.0,7.187773591193925e-20,2.046301059239472e-14,4.9900402607214384e-17,1.8574075475540347e-11
3.1,1003.4355541526738,0.3264667712500812,1.4209800369979508e-09,1.8284218028635977e-21,1.0983489989331232e-22,3.4946596697867256e-13,0.03535176209482279,6.416730934324175e-26,1.0972688632697837e-21,3.7781190821869225e-30,1.9002185744741927e-26,5.20371073531217e-19,2.816579946365173e-21,4.0033951257100134e-10,0.005312764089601825,0.15691830968511952,0.024043189551143877,6.743658784465463e-12,2.8389398348895414e-08,1.6820395815652159e-15,4.113769612585164e-18,4.6285476512961614e-10,9.34527779162137e-24,1.1986359506338452e-10,1.2386432528764624e-16,1.8777274148656924e-08,3.01480764296898e-14,1.5718414301865236e-08,3.199704685537987e-18,1.294354400851774e-10,2.3377672673339495e-17,2.43339228832339e-22,1.1322107976320123e-18,3.058171521392526e-13,7.166530423091144e-05,3.835322833394888e-16,5.657238161335282e-16,6.819047876638756e-28,3.5308829156269044e-20,4.3584006277636773e-20,1.1222820860282106e-18,1.8930955593155609e-06,3.114562196727403e-15,2.6763048651229677e-26,9.271215407987913e-23,2.3878550947867967e-13,7.41271420408792e-08,1.79191867448412e-17,0.45183350533457317,0.0,3.0566856768203925e-19,1.6870640434069286e-13,5.959016161326634e-17,4.132277872324734e-11
3.2,985.3008096648108,0.32875424294359146,8.733901012472356e-10,5.628005324303864e-22,3.172726018922242e-23,1.7310310159498435e-13,0.03305425026375328,1.8231944968243348e-26,4.360248700035528e-22,1.1225209435435277e-30,7.432270546693862e-27,3.2354340271983387e-19,1.6149758374975392e-21,4.32862885976947e-10,0.00952718999261256,0.15686515421040292,0.024098447929166888,4.861620899064054e-12,2.8935992135300668e-08,1.397394083437265e-15,3.214735270017832e-18,5.914828189905445e-10,5.682475071610279e-24,1.5510962006669581e-10,1.3928575849529714e-16,3.694532638425383e-08,5.177001407117315e-14,4.271886493786853e-08,2.4742628725221866e-18,1.663024457776229e-10,2.2584196647240595e-17,8.465328695907345e-23,5.147293773081991e-19,2.02670025133514e-13,8.13805532334414e-05,2.2101506374589303e-16,2.473652238384966e-16,1.8210169609227518e-28,1.5655951343138896e-20,1.8661082709499636e-20,6.175409067032161e-19,2.06679799269179e-06,2.6623220687377e-15,1.393346564688128e-26,4.968432408207542e-23,1.9268521103266436e-13,7.539949524575127e-08,1.0390045309459162e-17,0.447617081013379,0.0,8.072566750684365e-19,7.079788369936896e-13,6.612061997805181e-17,7.084687736517264e-11
3.3,972.4170579931598,0.3293589785192541,6.103708047944564e-10,2.3863658562440903e-22,1.2913534285228198e-23,1.0384667431103542e-13,0.03153763391544088,7.318929058535465e-27,2.234644509813195e-22,4.570103573237006e-31,3.695157185181197e-27,2.255672703864806e-19,1.0610068606339141e-21,4.520011200479136e-10,0.014391766746082828,0.15631250927034665,0.024200613548662972,3.805880652381907e-12,2.915024912015272e-08,1.2098023578731113e-15,2.6610911553624115e-18,7.009596509809962e-10,3.869632242884215e-24,1.8345078595473016e-10,1.483626653460256e-16,5.920721455360595e-08,7.496060508435822e-14,8.646362243184885e-08,2.0211141060715682e-18,1.9678251074977484e-10,2.1683921873728456e-17,3.902071770917335e-23,2.8818292276203684e-19,1.4932304768679533e-13,8.883483353675365e-05,1.4715801745027782e-16,1.3559199188034997e-16,6.994029554491129e-29,8.666709302918248e-21,1.0055750472951995e-20,3.9477687609732996e-19,2.1798849746252187e-06,2.3429966271726194e-15,8.536073285734934e-27,3.1284156843770737e-23,1.6376299098712006e-13,7.594223710826083e-08,6.942504196044738e-18,0.4441072302653356,0.0,1.5831986798756776e-18,1.94659726252853e-12,7.014601374356301e-17,1.0322924914003328e-10
3.4,962.6077715388745,0.3290096124925798,4.611206667982184e-10,1.2285687994414824e-22,6.469415320265085e-24,6.997246032137218e-14,0.03046748151210841,3.6227259843205884e-27,1.3363635384945045e-22,2.2524279959670872e-31,2.125308257012853e-27,1.686297604152129e-19,7.5731108138842935e-22,4.6235730041559473e-10,0.019605416624550905,0.15547597144169628,0.024331690130376005,3.1326609427207067e-12,2.916808511850821e-08,1.0743731235848233e-15,2.2820243983974254e-18,7.940266731457447e-10,2.8235554691256527e-24,2.055620200126077e-10,1.5302185680910332e-16,8.385001641322454e-08,9.796570564761941e-14,1.465169710898406e-07,1.7073284583749637e-18,2.216125119457596e-10,2.0751009817086395e-17,2.1331154104129527e-23,1.8307138951004494e-19,1.1734124101735139e-13,9.471089406722353e-05,1.0695777302329247e-16,8.523014294470856e-17,3.3475955832663163e-29,5.487717266548613e-21,6.229332307290029e-21,2.7642515210850136e-19,2.252109467322061e-06,2.099457291223425e-15,5.772801172851988e-27,2.1723992256832803e-23,1.4365351780011412e-13,7.60458288321925e-08,5.055604158171823e-18,0.4410125269254794,0.0,2.5956925904365235e-18,4.1476443076718146e-12,7.245992100963259e-17,1.3638113736767144e-10
3.5,954.7186182386113,0.328086516639119,3.661499709348109e-10,7.15893645159531e-23,3.700234037207056e-24,5.077739575557162e-14,0.02966991876357739,2.049660123498674e-27,8.819099989221316e-23,1.254360538806334e-31,1.3418169696971066e-27,1.3184074601507736e-19,5.700610514198829e-22,4.668968881068175e-10,0.025010156907281634,0.15446989476052492,0.02448091884685609,2.662723969392039e-12,2.9064555918449865e-08,9.699245068684385e-16,2.002022119174258e-18,8.741153115181493e-10,2.1537571333875147e-24,2.2260118517021169e-10,1.5467357138398125e-16,1.0978358562536444e-07,1.1997821742527867e-13,2.2177095914873202e-07,1.473816192377959e-18,2.4187742412270775e-10,1.9821358087511123e-17,1.3002485475949265e-23,1.2607495052528517e-19,9.609316604908616e-14,9.948178688943042e-05,8.221811112577372e-17,5.84645141097862e-17,1.8438135450361842e-29,3.785803633242791e-21,4.2181834281132695e-21,2.0516436005235902e-19,2.2965680874289635e-06,1.9034026860300765e-15,4.159020464932724e-27,1.6059609607550897e-23,1.285953158311488e-13,7.587366832426994e-08,3.8895393880342515e-18,0.43818037688335953,0.0,3.7982876020571216e-18,7.51519076186205e-12,7.361029203014059e-17,1.6931803539511184e-10
